,name,artist,release_date,length,popularity,danceability,acousticness,energy,loudness,tempo,valence,url,image,audio,cluster_pred
0,シャルル,バルーン,2017-08-12,0.532293532393656,0.7941176470588235,0.4150943396226416,0.0253804905638,0.8184079601990049,0.7359401399951725,0.5241426047389693,0.4799465240641711,https://open.spotify.com/track/54ezuGQj5s0ot4J7ktWb2h,https://i.scdn.co/image/ab67616d00004851fa85ef06207d05002a60d35e,https://p.scdn.co/mp3-preview/1ca6e60aa05fd90ba536730464391ae4ae8af7bb?cid=18308f0d5b8049c89ee330d9cfa4bc58,4
1,神っぽいな,ピノキオピー,2021-09-19,0.4206187631412075,0.8823529411764706,0.646655231560892,0.2614103597664824,0.7723880597014925,0.4017217797087457,0.5008108042694291,0.4278074866310161,https://open.spotify.com/track/5ALRT96oaGuX7VHySBLbQu,https://i.scdn.co/image/ab67616d000048513fd63f3f112ba90a0191a084,https://p.scdn.co/mp3-preview/992c00d3c19b512ffbda1611b9471690df705db3?cid=18308f0d5b8049c89ee330d9cfa4bc58,3
2,フォニイ,ヴァリアス・アーティスト,2021-12-18,0.369162708080707,0.9264705882352942,0.5986277873070325,0.0769223575441246,0.8793532338308456,0.4398583956875049,0.7255528394284839,0.5227272727272727,https://open.spotify.com/track/5pBIavXhjzTi0u7pkOK71N,https://i.scdn.co/image/ab67616d000048512bd1c0fe86569d39bfd4868c,https://p.scdn.co/mp3-preview/8d86641169a7daaccf242c6f668979980324e8d2?cid=18308f0d5b8049c89ee330d9cfa4bc58,4
3,KING,Kanaria,2020-08-01,0.1647105504195916,0.7941176470588235,0.5214408233276158,0.0516296475620271,0.7388059701492538,0.4920749859200257,0.6941694701938671,0.9438502673796793,https://open.spotify.com/track/5lojBXokpBOfuTDly9Bksx,https://i.scdn.co/image/ab67616d0000485119bb3ebaa41cb4899f2e738a,https://p.scdn.co/mp3-preview/17d0b170ef9845c467a477b1d0a218037fdee2ed?cid=18308f0d5b8049c89ee330d9cfa4bc58,0
4,ヴァンパイア,DECO*27,2021-03-09,0.3259649864462466,0.8235294117647058,0.4802744425385936,0.0101836101964053,0.9514925373134326,0.6472765306943438,0.6781550774096216,0.9852941176470588,https://open.spotify.com/track/0m9QPTZzjtqCWY9Jg8poHc,https://i.scdn.co/image/ab67616d000048518d8d73b427590bc1a6ae8c99,https://p.scdn.co/mp3-preview/c9c08e9339a0b9a892fdd45f738657038a261a21?cid=18308f0d5b8049c89ee330d9cfa4bc58,0
5,少女レイ,みきとP,2018-11-18,0.7567370126860165,0.7941176470588235,0.4288164665523157,0.0166661955279513,0.8718905472636815,0.5774398583956875,0.5641745528474963,0.7901069518716577,https://open.spotify.com/track/6bxGVlcX900tLZiZl5mFOR,https://i.scdn.co/image/ab67616d000048516549e0ca9064d28052bade1a,https://p.scdn.co/mp3-preview/abfe2729fa03c57aaa795639a0bff437cb39d8f9?cid=18308f0d5b8049c89ee330d9cfa4bc58,0
6,ロキ,みきとP,2018-11-18,0.5194072689650568,0.8970588235294118,0.463121783876501,0.000877380729463,0.9888059701492536,0.7250784455708423,0.5648441722938905,0.6483957219251337,https://open.spotify.com/track/5WCK18MbTKuOcmLsOXMaHd,https://i.scdn.co/image/ab67616d000048516549e0ca9064d28052bade1a,https://p.scdn.co/mp3-preview/4d46178e03debde836c7f2bc916c415160891a56?cid=18308f0d5b8049c89ee330d9cfa4bc58,4
7,アスノヨゾラ哨戒班,めありー,2017-11-02,0.3213852640478813,0.8088235294117647,0.2950257289879931,0.1391976854832384,0.8146766169154227,0.7004586048756939,0.8479157086267962,0.1724598930481283,https://open.spotify.com/track/6MzEXh13iE5RV4mmL1jcq6,https://i.scdn.co/image/ab67616d00004851fc82ab470776e6f723e6c487,https://p.scdn.co/mp3-preview/ea6661711475a4f9ce8b80eb4f51c62c8a27383b?cid=18308f0d5b8049c89ee330d9cfa4bc58,7
8,グッバイ宣言,Chinozo,2020-04-24,0.3045867681251321,0.8088235294117647,0.4751286449399658,0.0339885137089676,0.8893034825870647,0.5733365516131628,0.7257625997369929,0.9064171122994652,https://open.spotify.com/track/2sQDwbzGSpHXwnIAOrcDn9,https://i.scdn.co/image/ab67616d000048519ff57c0f84a0298143799df6,https://p.scdn.co/mp3-preview/6e2a67665ef95c473767a60a57faa5bb8b82ba78?cid=18308f0d5b8049c89ee330d9cfa4bc58,0
9,ロウワー,ぬゆり,2021-11-09,0.5179239580668009,0.8529411764705882,0.5917667238421955,0.0377080298828054,0.9378109452736316,0.7045619116582186,0.4201660333518892,0.7794117647058825,https://open.spotify.com/track/3eIGW5DUVP5zkGFXZSZQ6o,https://i.scdn.co/image/ab67616d00004851004e4e3650116604aa4f3ebe,https://p.scdn.co/mp3-preview/e516d61c42b7b74abaf62191f9a1403de3dfe6a4?cid=18308f0d5b8049c89ee330d9cfa4bc58,1
10,命に嫌われている。,+α/あるふぁきゅん。,2018-08-15,0.6810881568749607,0.6323529411764706,0.3996569468267582,0.0160285641838648,0.7649253731343284,0.3728377182396009,0.9689958128615342,0.5240641711229947,https://open.spotify.com/track/68bvCjofUJVOZcaM0lz0Vc,https://i.scdn.co/image/ab67616d00004851164c24674a904e1efea9c7aa,https://p.scdn.co/mp3-preview/ff987bd132cb7dcc0f5903e7f0e97a4e906370c4?cid=18308f0d5b8049c89ee330d9cfa4bc58,4
11,天ノ弱,森永真由美,2012-02-01,0.3566138978814612,0.75,0.3104631217838765,0.0323944353487514,0.9626865671641788,0.7672379113363906,0.1677759759905125,0.4759358288770053,https://open.spotify.com/track/0UUV97Kf5nowsUWIxVs4bO,https://i.scdn.co/image/ab67616d000048510084c08ca0e26f7c0dad9190,https://p.scdn.co/mp3-preview/1d082e975a2ed9bbd9812a3e390ea8f48233e71c?cid=18308f0d5b8049c89ee330d9cfa4bc58,6
12,バグ,かいりきベア,2022-07-09,0.301405066248373,0.8088235294117647,0.5934819897084047,0.1158178695334005,0.9614427860696516,0.9133478155925656,0.1050737791546659,0.9264705882352942,https://open.spotify.com/track/73Ua9z2DSgEoOWAKiClnhn,https://i.scdn.co/image/ab67616d00004851c1af8eeb09da9c5c9b84003c,https://p.scdn.co/mp3-preview/4d8d3810dfd86ceac79e544f4fb14a3d6714b167?cid=18308f0d5b8049c89ee330d9cfa4bc58,1
13,ブリキノダンス,96猫,2017-03-08,0.4055854071873829,0.0,0.4305317324185249,0.0296313661910432,0.8146766169154227,0.8189717595944966,0.7413332687917001,0.961229946524064,https://open.spotify.com/track/5wgXFpLjWhdVeclFL6zR2C,https://i.scdn.co/image/ab67616d0000485171fd16832ad47ddfd9503f6f,なし,0
14,ベノム,ヴァリアス・アーティスト,2020-01-22,0.4124234704283431,0.6029411764705882,0.555746140651801,0.0083557336766907,0.966417910447761,0.6896773674470995,0.5810763930908184,0.838235294117647,https://open.spotify.com/track/48a3U3qLQ32ohbX9DNkERU,https://i.scdn.co/image/ab67616d00004851cc2ff5e00a510de8803c6c58,https://p.scdn.co/mp3-preview/8f1e18e4a42798c777a5b156ed1f100c211e1c36?cid=18308f0d5b8049c89ee330d9cfa4bc58,0
15,ダーリンダンス,かいりきベア,2021-06-19,0.4299413721367465,0.7794117647058824,0.5540308747855918,0.0103855267886993,0.9738805970149254,0.8515568428674872,0.5892812482351898,0.9545454545454546,https://open.spotify.com/track/6MJFNhbXbqXCbHP24yLltO,https://i.scdn.co/image/ab67616d00004851e24eeaab0da33f5dff9513d8,https://p.scdn.co/mp3-preview/4ae7fa76d333f0465d1678d483ee9d26e7f72c2f?cid=18308f0d5b8049c89ee330d9cfa4bc58,0
16,エゴロック,すりぃ,2021-03-03,0.2953754074469624,0.7647058823529411,0.6192109777015438,0.0127341355727512,0.8917910447761193,0.4388929117386756,0.2621439117070455,0.8074866310160427,https://open.spotify.com/track/3UVNKqlbi4HuTxtr4ONvh5,https://i.scdn.co/image/ab67616d000048519fea26f3d4a2be2d6e90b16f,https://p.scdn.co/mp3-preview/15496f13b0d684c46e678dc78a94f8f41e8ea7f5?cid=18308f0d5b8049c89ee330d9cfa4bc58,2
17,トンデモワンダーズ,sasakure.UK,2021-06-21,0.3911824583653172,0.7941176470588235,0.679245283018868,0.1902081930101576,0.8992537313432836,0.6366562072572209,0.7429790804430784,0.9919786096256684,https://open.spotify.com/track/3jmQnsr4YxDIrCJ7GbE7vM,https://i.scdn.co/image/ab67616d00004851b1f5f5654ad3e5d2051cdea4,https://p.scdn.co/mp3-preview/d07ff6f94f57dfd5d5d377b24b64b919a5518000?cid=18308f0d5b8049c89ee330d9cfa4bc58,0
18,ヴィラン,てにをは,2020-02-29,0.408129285377892,0.7647058823529411,0.0634648370497426,0.0066553834257934,0.853233830845771,0.6677126076112317,0.9843486539035587,0.7045454545454546,https://open.spotify.com/track/5CSVNJBsEPH3cM7S2iQgax,https://i.scdn.co/image/ab67616d000048516fe37c88ebd902c1f35385b5,https://p.scdn.co/mp3-preview/f230b383988193d2f91124e691c2bda5490b6c3f?cid=18308f0d5b8049c89ee330d9cfa4bc58,0
19,酔いどれ知らず,Kanaria,2022-05-06,0.1651518354118227,0.8529411764705882,0.8490566037735849,0.1519503123649682,0.4701492537313432,0.4302035561992114,0.2828133697993563,0.9385026737967914,https://open.spotify.com/track/4oPCfEDVIKnPJ6UPkhJPCa,https://i.scdn.co/image/ab67616d000048519801b6931cc8cfe8a2f2ede3,https://p.scdn.co/mp3-preview/4d855f38e818311a8d8d2f90c4831f2b417175b7?cid=18308f0d5b8049c89ee330d9cfa4bc58,2
20,ヒバナ,ヴァリアス・アーティスト,2018-09-19,0.4281836487223131,0.5882352941176471,0.3670668953687822,0.0325007072394324,0.9564676616915422,0.7530774800868935,0.9681809747400184,0.5935828877005349,https://open.spotify.com/track/4NqWSyg2KZQNc5UvkGms6i,https://i.scdn.co/image/ab67616d00004851ffa131bf8fd2acc8d65246d3,https://p.scdn.co/mp3-preview/fcc40917fb8814c1f0026254fcd1225971426e68?cid=18308f0d5b8049c89ee330d9cfa4bc58,0
21,ドラマツルギー,Eve,2017-12-20,0.548257665936136,0.8088235294117647,0.5385934819897082,0.0199606241390648,0.8843283582089552,0.8355459007160672,0.5573170043000865,0.6470588235294117,https://open.spotify.com/track/44i0yotEYW72i9QbpWcn6y,https://i.scdn.co/image/ab67616d00004851ae668ffa508a4ec36bae23d5,https://p.scdn.co/mp3-preview/ee23fba983228a8b817448e2a37616612513cfb5?cid=18308f0d5b8049c89ee330d9cfa4bc58,4
22,テレキャスタービーボーイ - long ver.,すりぃ,2020-05-01,0.2750317984773814,0.75,0.3722126929674099,0.1636402203398872,0.8967661691542288,0.7494569152787834,0.822776742422409,0.995989304812834,https://open.spotify.com/track/3UDe37nc2yvttJXlNk6Itr,https://i.scdn.co/image/ab67616d0000485119419da4f3cc1c93c6210ad4,https://p.scdn.co/mp3-preview/dbc28b991577a12306612f0fe455066eb9c2b257?cid=18308f0d5b8049c89ee330d9cfa4bc58,0
23,乙女解剖,DECO*27,2019-05-22,0.493449328245577,0.8235294117647058,0.6380789022298456,0.0019581658576896,0.8768656716417911,0.618070641242256,0.4359625981234521,0.8048128342245988,https://open.spotify.com/track/7Lpm4GU78jmjSrQDhiAqzJ,https://i.scdn.co/image/ab67616d0000485151c4012d13453cb7425e78d9,https://p.scdn.co/mp3-preview/c693e2811945d5891f0ee6872191bb29d0c93ed0?cid=18308f0d5b8049c89ee330d9cfa4bc58,2
24,千本桜,黒うさP,2012-02-29,0.6012378229445947,0.8529411764705882,0.3430531732418524,0.0068254184508831,0.9303482587064676,0.7232279346689194,0.5974054263378271,0.9719251336898396,https://open.spotify.com/track/38mUTswfszVFQ952r89AP8,https://i.scdn.co/image/ab67616d000048516d15ca856170b2e78e07b9c5,https://p.scdn.co/mp3-preview/47752d38b896a1cdf311bdf53a9011d56a7af014?cid=18308f0d5b8049c89ee330d9cfa4bc58,0
25,からくりピエロ -初音ミク「マジカルミライ 2014」Live-,ヴァリアス・アーティスト,2015-02-25,0.3883122517771919,0.7205882352941176,0.3516295025728987,0.4867067680103755,0.8271144278606963,0.6445409928393273,1.0,0.536096256684492,https://open.spotify.com/track/0f6Z1Kbo3PzA1sTtoaBbqK,https://i.scdn.co/image/ab67616d000048518b03908474894a83c9d0a369,https://p.scdn.co/mp3-preview/dfa67aee0ed993f0bc6c054049b4eee7e2263bea?cid=18308f0d5b8049c89ee330d9cfa4bc58,3
26,いーあるふぁんくらぶ-Ryu☆ Remix-,ヴァリアス・アーティスト,2016-08-03,0.5048189062807091,0.5,0.4288164665523157,0.0033078188693393,0.9614427860696516,0.7931450639633115,0.5649167816314512,0.5147058823529411,https://open.spotify.com/track/2gpvJHKhXHHnTk24oSt9Vv,https://i.scdn.co/image/ab67616d00004851960d002e4b6febd4723fca07,https://p.scdn.co/mp3-preview/9ad773f4e57605e059e753c82f933ea320e471a2?cid=18308f0d5b8049c89ee330d9cfa4bc58,4
27,アイデンティティ,Kanaria,2022-01-14,0.2423692924977843,0.8970588235294118,0.7890222984562607,0.0547115323917785,0.7151741293532338,0.4586048756939415,0.1412009584432557,0.3903743315508022,https://open.spotify.com/track/4X3L6G6KDs0jBKvfTkmKmi,https://i.scdn.co/image/ab67616d00004851dc2f7a9aa2bf67d4bf044caa,https://p.scdn.co/mp3-preview/d5d6962bd17b73bf87bcf4d71a78a4bf58f96ab2?cid=18308f0d5b8049c89ee330d9cfa4bc58,6
28,回る空うさぎ,Orangestar,2020-08-03,0.3139687095566013,0.7352941176470588,0.8902229845626073,1.0,0.0,0.0520556762410491,0.3235875466918378,0.4906417112299464,https://open.spotify.com/track/2qEjAi2IIV6BNX7OY3Z2Ma,https://i.scdn.co/image/ab67616d0000485184bc7a264457b71836f93694,https://p.scdn.co/mp3-preview/68d0693520a5004fedb526af8b0d9b65b6c0c5fd?cid=18308f0d5b8049c89ee330d9cfa4bc58,5
29,ロミオとシンデレラ,ヴァリアス,2014-12-10,0.7458569272473088,0.6323529411764706,0.2795883361921098,0.0510982881086217,0.9651741293532335,0.6729423123340574,0.7278279320053894,0.75,https://open.spotify.com/track/2cRTe3znaHQG5UP7LbV745,https://i.scdn.co/image/ab67616d00004851882796c205dc1314453dd5e7,https://p.scdn.co/mp3-preview/ac91b1c3e977ec02f805baeae526a23c854eefe5?cid=18308f0d5b8049c89ee330d9cfa4bc58,0
30,マトリョシカ - ORIGINAL,ハチ,2011-11-14,0.401877129941743,0.8382352941176471,0.4751286449399658,8.99060195161951e-05,0.8843283582089552,0.6279668517177568,0.1818218489564426,0.7379679144385027,https://open.spotify.com/track/74A5fPLR86U9XWYostkXwS,https://i.scdn.co/image/ab67616d0000485134df4a6359487004c821faa0,https://p.scdn.co/mp3-preview/ddc4f947add7211ae02791b3f331b3121dc873d8?cid=18308f0d5b8049c89ee330d9cfa4bc58,1
31,コールボーイ,syudou,2019-04-28,0.4366125629016528,0.6617647058823529,0.1938250428816466,0.0251679467824378,0.8420398009950247,0.7352964840292863,0.2303813603762777,0.5828877005347595,https://open.spotify.com/track/2jj5BNfKTq0vEarudUBSYD,https://i.scdn.co/image/ab67616d00004851ed6b7510281741e025d7640c,https://p.scdn.co/mp3-preview/ac674431a1ffe33eaf2c33cda2d29978b5810f3e?cid=18308f0d5b8049c89ee330d9cfa4bc58,6
32,キュートなカノジョ,syudou,2021-07-16,0.1510344239376713,0.75,0.4596912521440824,0.0244240435476702,0.9564676616915422,0.811891543969748,0.6455776879573382,0.5922459893048129,https://open.spotify.com/track/3T7rdXRAk3b2WUlevahSw1,https://i.scdn.co/image/ab67616d000048510797da4903bce865f54640ca,https://p.scdn.co/mp3-preview/619af86b321eaeab8791b91851c38a71e570a3ca?cid=18308f0d5b8049c89ee330d9cfa4bc58,4
33,キャットラビング,香椎モイミ,2021-12-18,0.0990925845579919,0.7647058823529411,0.5728987993138936,0.0158160204025026,0.8320895522388059,0.3487006195188671,0.6702487273196668,0.7887700534759359,https://open.spotify.com/track/1YIr7kCHsECRkVclYvFRUY,https://i.scdn.co/image/ab67616d0000485104de30150845423a9d528a1b,https://p.scdn.co/mp3-preview/ca552bae843c805c68169cbf67c06e9f2dc38d2b?cid=18308f0d5b8049c89ee330d9cfa4bc58,2
34,ド屑,なきそ,2022-03-05,0.1100134610464017,0.7647058823529411,0.9605488850771868,0.6482400418456197,0.421641791044776,0.1063641483627001,0.2825148647449396,0.9024064171122994,https://open.spotify.com/track/3DxfcE53Wf89XSftbAffFx,https://i.scdn.co/image/ab67616d0000485101daee027255fc1b69fbd1f1,https://p.scdn.co/mp3-preview/18783a157126f4978f72b40a45b7fdefc97ba88f?cid=18308f0d5b8049c89ee330d9cfa4bc58,5
35,妄想感傷代償連盟,DECO*27,2016-09-28,0.6662550478924008,0.75,0.8096054888507718,0.1296332153219411,0.7985074626865671,0.5125915198326494,0.242200546990343,0.8048128342245988,https://open.spotify.com/track/1fEooTowVu4xNFGoXKxWvR,https://i.scdn.co/image/ab67616d0000485129d185b55d61adf12da46736,https://p.scdn.co/mp3-preview/17b3633bab532547ed3f8a60282f2ad284df51a4?cid=18308f0d5b8049c89ee330d9cfa4bc58,2
36,ジャンキーナイトタウンオーケストラ,すりぃ,2020-05-01,0.4548832448909211,0.7058823529411764,0.4459691252144083,0.0500355692018109,0.9788557213930348,0.802075790489983,0.5256593331235732,0.517379679144385,https://open.spotify.com/track/4SivZo3HhkyzRF7PAmq9tq,https://i.scdn.co/image/ab67616d0000485119419da4f3cc1c93c6210ad4,https://p.scdn.co/mp3-preview/594ced294c2bfc9955f6cf5e74e5670f04598e84?cid=18308f0d5b8049c89ee330d9cfa4bc58,4
37,脳漿炸裂ガール 2015ver.,れるりり,2015-12-16,0.3786410647205627,0.0,0.2607204116638078,0.0429153525261784,0.9651741293532335,0.726285300506879,0.6050052036691921,0.6109625668449199,https://open.spotify.com/track/3eWGUgFSk1ipR6VmFwoFmH,https://i.scdn.co/image/ab67616d00004851167a999ebd3365350ef75635,なし,4
38,エンヴィーベイビー,Kanaria,2021-02-13,0.1685634504778115,0.8088235294117647,0.620926243567753,0.0450407903398001,0.5845771144278606,0.3993080698366722,0.7338867778396304,0.9024064171122994,https://open.spotify.com/track/02vOyaNCKGX8uhjggOIH83,https://i.scdn.co/image/ab67616d00004851fa53d481a829f303078565eb,https://p.scdn.co/mp3-preview/7524517bf754c737995433ee9bb56bca32e7fa43?cid=18308f0d5b8049c89ee330d9cfa4bc58,2
39,メルト -MIKU EXPO 2014 in INDONESIA Live-,ヴァリアス・アーティスト,2014-10-06,0.7197358223290207,0.6911764705882353,0.0222984562607203,0.0027445778487296,0.9850746268656716,0.7831683964920749,0.7270937709256077,0.1350267379679144,https://open.spotify.com/track/6nWONiqCJwFxKKfAJSKaev,https://i.scdn.co/image/ab67616d00004851d0a10aeeb3f068377d4cec84,https://p.scdn.co/mp3-preview/80797951a0e1b00d9ef56e656126e0236abed560?cid=18308f0d5b8049c89ee330d9cfa4bc58,7
40,ラブカ?,柊キライ,2020-12-12,0.3519229271657266,0.7941176470588235,0.8833619210977701,0.4718287033150241,0.6716417910447761,0.5972322793466891,0.4443368750554654,0.5681818181818181,https://open.spotify.com/track/5R3XD7aR25OcI6qimQU91Z,https://i.scdn.co/image/ab67616d00004851be8e4d9458be08e5bb6a12d9,https://p.scdn.co/mp3-preview/46f9d3ff001ae66cbca07bfba70a3e76e76a64d0?cid=18308f0d5b8049c89ee330d9cfa4bc58,3
41,夜明けと蛍,ヴァリアス・アーティスト,2014-10-08,0.8134476966035891,0.5294117647058824,1.0,0.3889366285837803,0.2587064676616915,0.3452409687022286,0.0003146404627635,0.9264705882352942,https://open.spotify.com/track/5LJ918I3XQgLpIsP5M8zeJ,https://i.scdn.co/image/ab67616d000048510ba38684765f79929ad4ab04,https://p.scdn.co/mp3-preview/e7d98e85d135a73caf5a3255b84e74f4221f5770?cid=18308f0d5b8049c89ee330d9cfa4bc58,5
42,地球最後の告白を feat.GUMI,ヴァリアス・アーティスト,2012-09-05,0.6484553171133287,0.6176470588235294,0.4202401372212693,0.012415319900708,0.9639303482587064,0.8189717595944966,0.1214673540350622,0.086898395721925,https://open.spotify.com/track/1h8wPYHIuhrO1q52ph7VXb,https://i.scdn.co/image/ab67616d000048510538a4c3868eeaf1d553420a,https://p.scdn.co/mp3-preview/26d9fd5e51af8c25f692ee415b2100c3be21588f?cid=18308f0d5b8049c89ee330d9cfa4bc58,6
43,ゴーストルール,DECO*27,2016-09-28,0.443758413154001,0.7205882352941176,0.4957118353344767,0.0296313661910432,0.8756218905472637,0.6051975219245312,0.2015715887729828,0.3395721925133689,https://open.spotify.com/track/0IEl6PAxLIueFQp08vq07B,https://i.scdn.co/image/ab67616d0000485129d185b55d61adf12da46736,https://p.scdn.co/mp3-preview/f168b575170267c821082adcf6642ae60f68b4c8?cid=18308f0d5b8049c89ee330d9cfa4bc58,6
44,ロストワンの号哭,EXIT TUNES/PONY CANYON,2018-01-17,0.4591329306144244,0.8529411764705882,0.1835334476843911,0.1028526988703085,0.8731343283582089,0.8886475179016815,0.6605513469032119,0.786096256684492,https://open.spotify.com/track/7bjO3BMl5ps63mpPMfhPDC,https://i.scdn.co/image/ab67616d00004851ec97087041ca8ca5e55ba67e,https://p.scdn.co/mp3-preview/ded9c4cdcfa90cf636b823cbe14b3474d9d81243?cid=18308f0d5b8049c89ee330d9cfa4bc58,0
45,Summer Time Record,じん,2015-06-03,0.6990102608031388,0.5735294117647058,0.25557461406518,0.0014586879714885,0.8706467661691542,0.6386676321506155,0.7906511444038372,0.3703208556149732,https://open.spotify.com/track/2HCbrmrmqLFVxKOXtLsySr,https://i.scdn.co/image/ab67616d000048516065e5ed88a10e9106404ac1,https://p.scdn.co/mp3-preview/2276583c1b6bee8038b4c74e4647f042bfcfc630?cid=18308f0d5b8049c89ee330d9cfa4bc58,7
46,恋愛裁判,ヴァリアス,2014-12-10,0.4915210240778442,0.6176470588235294,0.7667238421955402,0.0200668960297459,0.736318407960199,0.5841982460374928,0.43576897322329,0.9050802139037432,https://open.spotify.com/track/6FAu0o2lio1akrQbnf877P,https://i.scdn.co/image/ab67616d00004851882796c205dc1314453dd5e7,https://p.scdn.co/mp3-preview/026bca5298153943190c2e9e1af1bff1a550a781?cid=18308f0d5b8049c89ee330d9cfa4bc58,2
47,マーシャル・マキシマイザー,ヴァリアス・アーティスト,2021-12-18,0.2720132607994304,0.7794117647058824,0.6929674099485421,0.0411087303846001,0.8482587064676617,0.5333494247324804,0.1214512186267154,0.4157754010695187,https://open.spotify.com/track/00ydUpbxn87fyKSK5A6Du8,https://i.scdn.co/image/ab67616d000048512bd1c0fe86569d39bfd4868c,https://p.scdn.co/mp3-preview/82cf749372351b0be88f7c66f5d2b6cba4baaa24?cid=18308f0d5b8049c89ee330d9cfa4bc58,6
48,限りなく灰色へ (feat. 宵崎奏&朝比奈まふゆ&東雲絵名&暁山瑞希&鏡音リン),25時、ナイトコードで。,2022-01-19,0.6753662850849382,0.8382352941176471,0.9554030874785592,0.1062533993721031,0.5708955223880596,0.5197521924531336,0.2263636436979129,0.7219251336898396,https://open.spotify.com/track/2kvYOzDQ8BZ9t0w3XU2Qpi,https://i.scdn.co/image/ab67616d0000485107fd0feba0f7e8a4d7313f61,https://p.scdn.co/mp3-preview/e60bb57c4c8ccee82ea0dd1818f86123f13ce2e7?cid=18308f0d5b8049c89ee330d9cfa4bc58,2
49,吉原ラメント feat.重音テト,亜沙,2014-02-05,0.5008658827368571,0.5441176470588235,0.3259005145797599,0.001905029912349,0.9514925373134326,0.7867889613001849,0.1286798815661027,0.6336898395721924,https://open.spotify.com/track/3C6LZSJ7pzVutCHrF2poLu,https://i.scdn.co/image/ab67616d00004851f87e10d858ecc7c90e27e195,https://p.scdn.co/mp3-preview/9b3f43ea032f3eea3030059d110559a34f18ae37?cid=18308f0d5b8049c89ee330d9cfa4bc58,1
50,六兆年と一夜物語,ぐるたみん,2013-03-06,0.4760055920820864,0.5441176470588235,0.6020583190394511,0.0177289144347621,0.9340796019900496,0.7931450639633115,0.1052916071673484,0.1631016042780749,https://open.spotify.com/track/01o3x5e6i4IgHXYA3DJioj,https://i.scdn.co/image/ab67616d0000485129edbb093f0ca96bc072f180,https://p.scdn.co/mp3-preview/c46ecc3a4b6ea43c7ceb80347888ec4b398d8e7e?cid=18308f0d5b8049c89ee330d9cfa4bc58,6
51,Kagerou Days,じん,2012-05-30,0.535475234270415,0.7352941176470588,0.5317324185248713,0.0008720671349289,0.9054726368159204,0.7229865636817121,0.1614831667352422,1.0,https://open.spotify.com/track/6c6fQ8k4yIUnLJEPy7zj3z,https://i.scdn.co/image/ab67616d00004851a7ed09df921f6cdc3669943d,https://p.scdn.co/mp3-preview/30ee95b46be0375ec4cccac82797ba856ddf4e84?cid=18308f0d5b8049c89ee330d9cfa4bc58,1
52,ボッカデラベリタ,柊キライ,2020-04-27,0.4042800935969177,0.6323529411764706,0.6569468267581475,0.0129466793541134,0.949004975124378,0.8345804167672378,0.7264644900000806,0.8114973262032084,https://open.spotify.com/track/07u1DC4Qel5urXpfuUE5xa,https://i.scdn.co/image/ab67616d00004851b5b034de3eacf91d56e2bb85,https://p.scdn.co/mp3-preview/c574e19ee74b9157aaa43539e1e44c6f28e1462e?cid=18308f0d5b8049c89ee330d9cfa4bc58,0
53,東京テディベア -初音ミク「マジカルミライ 2014」Live-,ヴァリアス・アーティスト,2015-02-25,0.3916422847437766,0.6470588235294118,0.4288164665523157,0.0931819568183301,0.980099502487562,0.8433502293024377,0.1783043299368298,0.3836898395721925,https://open.spotify.com/track/3afQJAVGHLqm9cDdttOPLO,https://i.scdn.co/image/ab67616d000048518b03908474894a83c9d0a369,https://p.scdn.co/mp3-preview/e50d4233f8e98e022ec33ec5326d1041fd247249?cid=18308f0d5b8049c89ee330d9cfa4bc58,6
54,初音ミクの消失 -MIKUNOPOLIS in LOS ANGELES Live-,ヴァリアス・アーティスト,2011,0.1830887724489834,0.75,0.111492281303602,0.0008423110055382,0.9850746268656716,0.650092525545096,0.322425797290865,0.0721925133689839,https://open.spotify.com/track/5pgVqrcW9CkzDE0ToQmnI3,https://i.scdn.co/image/ab67616d00004851f812dc5698670b5a01b769d1,https://p.scdn.co/mp3-preview/972c2b6a9ec6410779799f80bfd9ffd993ce2f22?cid=18308f0d5b8049c89ee330d9cfa4bc58,6
55,太陽系デスコ,ナユタン星人,2016-12-31,0.4185421278836491,0.6764705882352942,0.5042881646655231,0.0256993062358432,0.9328358208955224,0.9070721699251748,0.564416583972699,0.6564171122994653,https://open.spotify.com/track/5A4WZNKHEiiuOgH7CBHBO6,https://i.scdn.co/image/ab67616d0000485163cc1e7ee50ed3854f40c367,https://p.scdn.co/mp3-preview/4f6bf9f7ffd77518647fb31777c3058326ae623a?cid=18308f0d5b8049c89ee330d9cfa4bc58,4
56,ドーナツホール - COVER,米津玄師,2014-04-23,0.4255618967096456,0.75,0.5951972555746141,0.0002780072660217,0.9266169154228856,0.850189073939979,0.3709369024856596,0.9652406417112298,https://open.spotify.com/track/4d73KYbSYrWsLqrxDgQptb,https://i.scdn.co/image/ab67616d000048514f220d17ad81c943221ce335,なし,1
57,夜もすがら君想ふ,TOKOTOKO(西沢さんP),2014-08-14,0.5580104350921693,0.6470588235294118,0.5265866209262435,0.0275059283774216,0.949004975124378,0.7610427226647356,0.5495236020685595,0.5655080213903743,https://open.spotify.com/track/3mH5bQJk2zCuV2aH0V6TPC,https://i.scdn.co/image/ab67616d00004851d1fc9236ef19fc80a947ef8e,https://p.scdn.co/mp3-preview/8481eaf9e8191686eac86a19c48d92566d700c8d?cid=18308f0d5b8049c89ee330d9cfa4bc58,4
58,フィクサー,ぬゆり,2017-12-29,0.5813762900169468,0.7205882352941176,0.6535162950257289,0.1774555661284279,0.9054726368159204,0.6490465846005309,0.443659187904898,0.6296791443850267,https://open.spotify.com/track/2DYupgAcdomatly7Lhw8zv,https://i.scdn.co/image/ab67616d00004851750c38e2a2746c2188f46e3a,https://p.scdn.co/mp3-preview/28ccaeb014375bbd15bbd1e6feab5dff19b46609?cid=18308f0d5b8049c89ee330d9cfa4bc58,2
59,パンダヒーロー - ORIGINAL,ハチ,2011-11-14,0.5081341061383113,0.7058823529411764,0.3636363636363636,0.0,0.9017412935323385,0.5611070882613243,0.1213140676557672,0.4959893048128341,https://open.spotify.com/track/0vENG11oPsLk9PCCH28M7S,https://i.scdn.co/image/ab67616d0000485134df4a6359487004c821faa0,https://p.scdn.co/mp3-preview/0f41186223ef67c6beca807e0d0cb72b871dd650?cid=18308f0d5b8049c89ee330d9cfa4bc58,6
60,ビターチョコデコレーション,syudou,2019-04-28,0.399003215076372,0.8235294117647058,0.4288164665523157,0.0099498120369069,0.8905472636815921,0.8353045297288598,0.0560705440052924,0.8368983957219251,https://open.spotify.com/track/6JFD96zWsIdGPqLOTVE1uU,https://i.scdn.co/image/ab67616d00004851ed6b7510281741e025d7640c,https://p.scdn.co/mp3-preview/01844fbc9eeae29e697ebda00b55dd73aefc2bfa?cid=18308f0d5b8049c89ee330d9cfa4bc58,1
61,シネマ (feat. 小豆沢こはね&白石杏&東雲彰人&青柳冬弥&KAITO),Vivid BAD SQUAD,2021-11-17,0.4474666903996411,0.8382352941176471,0.5917667238421955,0.0127341355727512,0.8022388059701491,0.385549923565854,0.3553985042476463,0.8716577540106951,https://open.spotify.com/track/3o1jGwcxZQ8jmNeOyirvTb,https://i.scdn.co/image/ab67616d000048518edd6dcce71d057507413092,https://p.scdn.co/mp3-preview/a9b95304d16f07e217ee8508fe2cdf6006d9daff?cid=18308f0d5b8049c89ee330d9cfa4bc58,2
62,メランコリック,EXIT TUNES/PONY CANYON,2018-01-17,0.4729796378496442,0.6911764705882353,0.3396226415094339,0.0157097485118215,0.894278606965174,0.7860648483385629,0.4841994013763503,0.6229946524064172,https://open.spotify.com/track/2damFh3XZdKCS7STVInOPo,https://i.scdn.co/image/ab67616d00004851ec97087041ca8ca5e55ba67e,https://p.scdn.co/mp3-preview/173269cafceba7f1ed1ad78c3699ad0b5f6c3140?cid=18308f0d5b8049c89ee330d9cfa4bc58,4
63,転生林檎,ピノキオピー,2022-06-03,0.4774369870989035,0.8088235294117647,0.6638078902229847,0.1158178695334005,0.7325870646766168,0.6129213935151661,0.5250703907189133,0.9919786096256684,https://open.spotify.com/track/4CQjt0Ejf8clK3s7h6Za0P,https://i.scdn.co/image/ab67616d00004851287a32b6a7991e4a949be3d0,https://p.scdn.co/mp3-preview/11dc83cb1d47610ad046c3855e0eba5614f10be0?cid=18308f0d5b8049c89ee330d9cfa4bc58,2
64,モザイクロール,DECO*27,2010-12-15,0.3541145190178998,0.4705882352941176,0.4802744425385936,0.0744781040584597,0.966417910447761,0.6813098398905784,0.5253204895482894,0.2379679144385026,https://open.spotify.com/track/4EYzO5uZ1Tpg842Q8RTxKC,https://i.scdn.co/image/ab67616d0000485158382a58f9b047f06a3030c9,https://p.scdn.co/mp3-preview/b60ac3549f8b2775deb3e186597a75b7f429be04?cid=18308f0d5b8049c89ee330d9cfa4bc58,4
65,サラマンダー,DECO*27,2022-01-08,0.2422024200217304,0.8823529411764706,0.4459691252144083,0.0444031589957136,0.9378109452736316,0.6634483868372354,0.7430678251889861,0.8502673796791442,https://open.spotify.com/track/64LMCa7fkdfHYLtCm0kGTR,https://i.scdn.co/image/ab67616d00004851ffe33cd03d4ce1622cfab60a,https://p.scdn.co/mp3-preview/d7ed7912d027ce34cf45e42bd5e4d123d82ae3c6?cid=18308f0d5b8049c89ee330d9cfa4bc58,0
66,砂の惑星 ( + 初音ミク ),米津玄師,2017-11-01,0.5551031457315876,0.0,0.3979416809605489,0.026762025142654,0.9328358208955224,0.7123662402445892,0.1202410630007019,0.9344919786096256,https://open.spotify.com/track/3eP7A3q0LdI8IqB2gMlAYT,https://i.scdn.co/image/ab67616d000048512277b55a0cb3f359c4388de9,なし,1
67,脱法ロック,ヴァリアス・アーティスト,2020-01-22,0.3602962171863818,0.4852941176470588,0.5385934819897082,0.2475950139779417,0.8208955223880596,0.7146994931209267,0.6045130737146133,0.8181818181818181,https://open.spotify.com/track/30Q6y2kyzpr65tSpjySYoN,https://i.scdn.co/image/ab67616d00004851cc2ff5e00a510de8803c6c58,https://p.scdn.co/mp3-preview/166fbe4d8d9130a3eefd67d738d27cd63df882b3?cid=18308f0d5b8049c89ee330d9cfa4bc58,0
68,アニマル,DECO*27,2021-12-16,0.2296647346542217,0.7058823529411764,0.3447684391080617,0.0349449607250973,0.9477611940298508,0.7608013516775283,0.8724495970181766,0.7245989304812834,https://open.spotify.com/track/1b0zIQJV4TMwPXudWcHjQv,https://i.scdn.co/image/ab67616d00004851d18caa97a2dddfbec1890e4d,https://p.scdn.co/mp3-preview/ad6c72c4812a7fac05ab38dd020dac6a1fc4934f?cid=18308f0d5b8049c89ee330d9cfa4bc58,0
69,デリヘル呼んだら君が来た,ヴァリアス・アーティスト,2018-02-07,0.5889745500932633,0.6029411764705882,0.5368782161234991,0.0031696654114539,0.9067164179104475,0.7753640679057043,0.1214108801058483,0.7192513368983957,https://open.spotify.com/track/09KjghdzYZubuIgofiWOXP,https://i.scdn.co/image/ab67616d000048510006a585e8b3bb908d2a1e95,https://p.scdn.co/mp3-preview/7d13f613bd4119b3e1731a580674ff6147c0692a?cid=18308f0d5b8049c89ee330d9cfa4bc58,1
70,ワールズエンド・ダンスホール(ROCKETMAN remix),ヴァリアス・アーティスト,2011-12-07,0.7023217523834953,0.5588235294117647,0.353344768439108,0.0025320340673674,0.9029850746268656,0.7408480167350551,0.7349678501988689,0.5240641711229947,https://open.spotify.com/track/1e3UNffJi2RPsGFDUghxk7,https://i.scdn.co/image/ab67616d000048519d0397aea0d8163445b7b8f3,https://p.scdn.co/mp3-preview/2721f9232550f6739200090a5aab3a8fd42f4c9d?cid=18308f0d5b8049c89ee330d9cfa4bc58,4
71,劣等上等 feat. 鏡音リン・レン,Giga,2018-08-22,0.5368213389105823,0.0,0.4785591766723843,0.0023619990422777,0.9651741293532335,0.840373320460214,0.6451985058611872,0.6510695187165776,https://open.spotify.com/track/390e40p9Mvodaa0kQU6j61,https://i.scdn.co/image/ab67616d00004851c99cc78ade53079bb9fc0b48,なし,4
72,magnet,ヴァリアス,2014-12-10,0.5706779101632755,0.5588235294117647,0.6895368782161235,0.0877620903935949,0.9042288557213932,0.6134041354895807,0.2262345604311382,0.4919786096256683,https://open.spotify.com/track/0xqOk9g0UVJOWhlNc1nX1S,https://i.scdn.co/image/ab67616d00004851882796c205dc1314453dd5e7,https://p.scdn.co/mp3-preview/fa585d71e5541c517c00fa8a0ca9d54f1457a8b9?cid=18308f0d5b8049c89ee330d9cfa4bc58,6
73,高音厨音域テスト,木村わいP,2013,0.0,0.5147058823529411,0.7701543739279588,0.8565329475805399,0.4477611940298507,0.6500120685493603,0.0811046300554251,0.997326203208556,https://open.spotify.com/track/4NQyMQj6jUkit4IFLZ3o8U,https://i.scdn.co/image/ab67616d0000485115ae060f547fc1497ff4f344,https://p.scdn.co/mp3-preview/4aa4b4715419e93a4ec1c44cfe0be9e880cd6855?cid=18308f0d5b8049c89ee330d9cfa4bc58,5
74,雨とペトラ,バルーン,2017-08-12,0.477132908364761,0.6911764705882353,0.2967409948542024,0.0053057304141436,0.9253731343283582,0.802075790489983,0.9287702398528452,0.6203208556149733,https://open.spotify.com/track/5V9Y0tatVvqGeZdyohOBPk,https://i.scdn.co/image/ab67616d00004851fa85ef06207d05002a60d35e,https://p.scdn.co/mp3-preview/736ebba553c01f2ac168ff26bb0649abdc81d278?cid=18308f0d5b8049c89ee330d9cfa4bc58,0
75,神のまにまに,Dancing Dolls,2013-11-13,0.6214071428836305,0.0,0.8078902229845626,0.0352637763971406,0.8768656716417911,0.7732721860165741,0.4436753233132448,0.75,https://open.spotify.com/track/7LRSwcbj2RxsI9P4wMe5MV,https://i.scdn.co/image/ab67616d000048519d8148c79a8387570c2c3f41,なし,2
76,だれかの心臓になれたなら,ユリイ・カノン,2018-12-19,0.5243170280382843,0.7647058823529411,0.4305317324185249,0.1434485611104817,0.9166666666666669,0.7355378550164936,0.5233519697299741,0.4264705882352942,https://open.spotify.com/track/2ritsV4U3jq2LduJpovZ1A,https://i.scdn.co/image/ab67616d00004851a8f79a61b9c53b39f4951349,https://p.scdn.co/mp3-preview/bb71a7cde1a9e9553ceadf70ca286035d1e24bd6?cid=18308f0d5b8049c89ee330d9cfa4bc58,4
77,EYE,Kanaria,2021-07-26,0.163768647999199,0.7205882352941176,0.804459691252144,0.0214484306085999,0.5211442786069651,0.4980288036044733,0.4598187993642649,0.9933155080213902,https://open.spotify.com/track/0PsenCZ8p4sCYdBdmwLuM8,https://i.scdn.co/image/ab67616d00004851f9dcd10b6620d13add6637cd,https://p.scdn.co/mp3-preview/0f128e44b06f2955e436c791ea9c9b3806fa0b0b?cid=18308f0d5b8049c89ee330d9cfa4bc58,2
78,ハッピーシンセサイザ,EasyPop,2015-09-01,0.5423281306203578,0.7058823529411764,0.5934819897084047,0.0376017579921244,0.9328358208955224,0.790087698125352,0.3793676533468871,0.9692513368983956,https://open.spotify.com/track/5rphHpZnxY9EGg8CdWSXPp,https://i.scdn.co/image/ab67616d0000485164886027dd513d268955fc61,https://p.scdn.co/mp3-preview/20fd19e04d9309db7b4d7ceff97326925c0d251b?cid=18308f0d5b8049c89ee330d9cfa4bc58,1
79,え?あぁ、そう。,ヴァリアス・アーティスト,2014-01-01,0.4330340753596102,0.5735294117647058,0.3704974271012006,0.1038091458864382,0.958955223880597,0.8247646632874728,0.90323595614396,0.8957219251336899,https://open.spotify.com/track/6bZHvI7CVr3QBPW1rd4j5H,https://i.scdn.co/image/ab67616d00004851543662f3ebf5d7a8edcba340,https://p.scdn.co/mp3-preview/6a4a722d39dbb5676086d66640911c23af11382b?cid=18308f0d5b8049c89ee330d9cfa4bc58,0
80,DAYBREAK FRONTLINE,めありー,2017-11-02,0.466008076627841,0.8382352941176471,0.6054888507718696,0.577037875089295,0.917910447761194,0.780191487649851,0.4521464126953395,0.4371657754010695,https://open.spotify.com/track/5NJKIFLOLa6Oc9auYeJmtx,https://i.scdn.co/image/ab67616d00004851fc82ab470776e6f723e6c487,https://p.scdn.co/mp3-preview/da06b36704ffb28d4b5b02f59e9f173607de583e?cid=18308f0d5b8049c89ee330d9cfa4bc58,3
81,ワールドイズマイン -MIKUNOPOLIS in LOS ANGELES Live-,ヴァリアス・アーティスト,2011,0.3256349497713847,0.8235294117647058,0.0668953687821612,0.0781976202322976,0.9378109452736316,0.70987207337678,0.6855935006575179,0.3328877005347594,https://open.spotify.com/track/1chETycPdQmdJsWX1BoMVj,https://i.scdn.co/image/ab67616d00004851f812dc5698670b5a01b769d1,https://p.scdn.co/mp3-preview/7f42622f1862c88de50483466bb28c4408a07571?cid=18308f0d5b8049c89ee330d9cfa4bc58,7
82,フラジール,ぬゆり,2017-12-29,0.6671302013223717,0.7058823529411764,0.6449399656946826,0.0681017906175948,0.8296019900497511,0.4774318126961138,0.379480601205315,0.9425133689839572,https://open.spotify.com/track/2N1Gc90q9I4bbvpAmxptmw,https://i.scdn.co/image/ab67616d00004851750c38e2a2746c2188f46e3a,https://p.scdn.co/mp3-preview/d21907c6e033eb48fe688206f0c30ec90200eef7?cid=18308f0d5b8049c89ee330d9cfa4bc58,2
83,ナンセンス文学,Eve,2017-12-20,0.4206187631412075,0.7205882352941176,0.4288164665523157,0.0117776885566215,0.9353233830845772,0.8544532947139752,0.599059305693379,0.856951871657754,https://open.spotify.com/track/6zvnmyKMWPhpJWxk2DSerR,https://i.scdn.co/image/ab67616d00004851ae668ffa508a4ec36bae23d5,https://p.scdn.co/mp3-preview/1d4f845e1755e286ac7dfc5181bdd12511f75060?cid=18308f0d5b8049c89ee330d9cfa4bc58,0
84,ウミユリ海底譚,n-buna,2015-07-22,0.5404257843933444,0.7647058823529411,0.5574614065180101,0.176392847221617,0.9651741293532335,0.7152626920910772,0.3230147396955248,0.998663101604278,https://open.spotify.com/track/7d66NXUtZmUpHKYMgk9Q77,https://i.scdn.co/image/ab67616d00004851424682188a4aa630657d2c00,https://p.scdn.co/mp3-preview/a74a9b80f147ae3dfb8dff74bbd5315b328cdf2b?cid=18308f0d5b8049c89ee330d9cfa4bc58,1
85,妄想税,DECO*27,2014-03-26,0.4680031297859954,0.6029411764705882,0.8507718696397941,0.1168805884402113,0.5373134328358209,0.6509775524981896,0.4358012440399835,0.8703208556149733,https://open.spotify.com/track/29JFaA8DQ4D7IPvaGM7jwI,https://i.scdn.co/image/ab67616d00004851d0e91265126f0db90d34dfbb,https://p.scdn.co/mp3-preview/9997af3cd819813cf6ad2f4a237e3f5797a67267?cid=18308f0d5b8049c89ee330d9cfa4bc58,2
86,心做し,majiko,2015-04-01,0.6795418052635289,0.6470588235294118,0.4339622641509434,0.3071072727593475,0.5012437810945273,0.678896130018505,0.7040524078063107,0.177807486631016,https://open.spotify.com/track/7iYdGuVLqb5bwOlgA6oKGs,https://i.scdn.co/image/ab67616d0000485160f5aef8714e6f44935f32a2,https://p.scdn.co/mp3-preview/ce81b959620365aaa8de9d0740a4b0915c627b59?cid=18308f0d5b8049c89ee330d9cfa4bc58,3
87,とても素敵な六月でした,MAD=KAN,2016-12-21,0.7264774703615942,0.5,0.4854202401372213,0.0094928429069783,0.9228855721393034,0.6607933059779547,0.2017974844898388,0.4144385026737968,https://open.spotify.com/track/5sL7yExgo6kFH3BVIJFm7A,https://i.scdn.co/image/ab67616d00004851f2ef82ced23986a421c18a96,https://p.scdn.co/mp3-preview/fc589eca76d8610fa2709bfdfb6818b3fc3452cb?cid=18308f0d5b8049c89ee330d9cfa4bc58,6
88,ローリンガール,ヴァリアス・アーティスト,2010-03-03,0.3844259772237612,0.6617647058823529,0.3825042881646656,0.0049337787967598,0.8184079601990049,0.726285300506879,0.1415559374268865,0.1350267379679144,https://open.spotify.com/track/3CNptmi6HPZj6lgglUafW7,https://i.scdn.co/image/ab67616d000048513c757b54f6c5fb5ad09ebaf4,https://p.scdn.co/mp3-preview/cba23f427db42e17088de035c33514c1c6a82a60?cid=18308f0d5b8049c89ee330d9cfa4bc58,6
89,夜咄ディセイブ feat.しゃむおん,おさむらいさん,2013-08-07,0.3942937029744092,0.4117647058823529,0.8164665523156089,0.4186927579744833,0.640547263681592,0.4362378308793949,0.4028850110124161,0.9451871657754012,https://open.spotify.com/track/4J2dTC6fcNazg2vC8SoCgw,https://i.scdn.co/image/ab67616d000048514ab33e9c7f6afa71c06cf143,https://p.scdn.co/mp3-preview/f5cb89c614d369172a1e9c130ae3d0e860c030c9?cid=18308f0d5b8049c89ee330d9cfa4bc58,2
90,臨界ダイバー,うみろ,2020-12-06,0.3941231222211097,0.6764705882352942,0.5351629502572899,0.1689538148739413,0.9676616915422884,0.8159948507522728,0.4030947713209253,0.9344919786096256,https://open.spotify.com/track/5rZSapYNMBieeMcddwAzxL,https://i.scdn.co/image/ab67616d0000485168c7f38155a2f0e6735c74f9,https://p.scdn.co/mp3-preview/c3a91eb7650add6652aa78c5e6b4a828444b09e2?cid=18308f0d5b8049c89ee330d9cfa4bc58,1
91,炉心融解,iroha(sasaki),2008,0.8851843199204947,0.8088235294117647,0.4802744425385936,0.0316505321139838,0.9776119402985072,0.9612197280553544,0.6857306516284664,0.2152406417112299,https://open.spotify.com/track/705CVl7WvtnJgVpGIgZ6dQ,https://i.scdn.co/image/ab67616d00004851c48071fe875fcf12dd1dfc8b,https://p.scdn.co/mp3-preview/6f6164b6494f5be3410a33dc12f8b6e67bd2b01f?cid=18308f0d5b8049c89ee330d9cfa4bc58,7
92,Just Be Friends,Dixie Flatline,2009-08-12,0.7829508245354457,0.7352941176470588,0.7101200686106346,0.0052100857125307,0.9054726368159204,0.6129213935151661,0.387524102266218,0.8368983957219251,https://open.spotify.com/track/7qdIR2jTfgOvsQSWHPjjIJ,https://i.scdn.co/image/ab67616d00004851bca42a224a69d91b3acfd7f8,https://p.scdn.co/mp3-preview/4817f1959fddd2d2b7bf8e3d740ad37ed8f0f8aa?cid=18308f0d5b8049c89ee330d9cfa4bc58,2
93,弱虫モンブラン,DECO*27,2013-12-18,0.5505827557691523,0.5294117647058824,0.6089193825042882,0.3921247853042128,0.582089552238806,0.6496097835706814,0.3225871513743334,0.4411764705882353,https://open.spotify.com/track/2SnbtKChixF1LSKL7tzEwe,https://i.scdn.co/image/ab67616d000048515312d6524b9d339528f9c69b,https://p.scdn.co/mp3-preview/c3e176631d9d1dd283f86967878baf2d6295db9a?cid=18308f0d5b8049c89ee330d9cfa4bc58,3
94,独りんぼエンヴィー feat.luz(カバー),luz,2014-10-01,0.4138919482176166,0.4852941176470588,0.6483704974271012,0.228466073655347,0.585820895522388,0.6717354573980207,0.4193189244136796,0.6470588235294117,https://open.spotify.com/track/4s7TQiIfqw7XU8bTz6uJKi,https://i.scdn.co/image/ab67616d000048510104b6263fefefca60e50374,https://p.scdn.co/mp3-preview/bd66d6a771431ef5f1998099521ec653265bc030?cid=18308f0d5b8049c89ee330d9cfa4bc58,2
95,イチキュウニイゴ(カバー)feat. ゴム,ヴァリアス・アーティスト,2010-03-17,0.3991663792751801,0.3676470588235294,0.2898799313893653,0.0558805231892704,0.781094527363184,0.7298254083192532,0.5242394171890504,0.5949197860962567,https://open.spotify.com/track/1G57lbqecFRw6W2w4Mjof6,https://i.scdn.co/image/ab67616d000048510557d9dd63e9c2ba81960b55,https://p.scdn.co/mp3-preview/6aaea466152e6e268468471105aa0723a6d772f3?cid=18308f0d5b8049c89ee330d9cfa4bc58,4
96,エイリアンエイリアン,ナユタン星人,2016-12-31,0.3398265267904489,0.6764705882352942,0.4202401372212693,0.0116714166659404,0.9738805970149254,0.9295196717354572,0.5806246016571065,0.5026737967914439,https://open.spotify.com/track/4fDralhqIxfoDHrnFSE3n0,https://i.scdn.co/image/ab67616d0000485163cc1e7ee50ed3854f40c367,https://p.scdn.co/mp3-preview/caa3f94773deb92e816779027e4e8bb84ea0f0d3?cid=18308f0d5b8049c89ee330d9cfa4bc58,4
97,裏表ラバーズ -MIKUNOPOLIS in LOS ANGELES Live-,ヴァリアス・アーティスト,2011,0.2378748604760687,0.7205882352941176,0.2349914236706689,0.0509920162179407,0.9975124378109452,0.5846005310161717,0.6376874732757299,0.2366310160427807,https://open.spotify.com/track/2IB3U5cktSu6ERw7nVIEzO,https://i.scdn.co/image/ab67616d00004851f812dc5698670b5a01b769d1,https://p.scdn.co/mp3-preview/827a8e5728c7036f1e28eef8ec0a387872ba1904?cid=18308f0d5b8049c89ee330d9cfa4bc58,7
98,Black Rock Shooter,mulmeyun,2020-02-26,0.7857728235193777,0.5735294117647058,0.1286449399656946,0.0531174540315623,0.7412935323383084,0.0,0.0200321094626102,0.1403743315508021,https://open.spotify.com/track/5Vfogneq6fwqvzTdS4siA9,https://i.scdn.co/image/ab67616d0000485123309d8aeaf3c0b32ba80094,https://p.scdn.co/mp3-preview/52c5f0b57094159a1d2bf7c676a2ecd9cddfe3d7?cid=18308f0d5b8049c89ee330d9cfa4bc58,6
99,Calc.,伊東歌詞太郎,2014-01-22,0.5037731720974388,0.5588235294117647,0.0085763293310463,0.0016818589419187,0.921641791044776,0.7959610588140638,0.7513614250792654,0.2754010695187166,https://open.spotify.com/track/62GRSSM4SdDSp5MXgWdnah,https://i.scdn.co/image/ab67616d0000485151f3f16b17421e2bd6d82ee6,https://p.scdn.co/mp3-preview/bcae047ad93da484265e156632fc88e9dd5d0ca2?cid=18308f0d5b8049c89ee330d9cfa4bc58,7
100,命に嫌われている。,まふまふ,2020-12-25,0.684670352694249,0.7794117647058824,0.7907375643224699,0.3761840017020506,0.8072139303482586,0.6834017217797086,0.1615073698477624,0.7339572192513368,https://open.spotify.com/track/4iJkPFfvhKL08H9dhHhr3c,https://i.scdn.co/image/ab67616d0000485171feb4a968b9a56ca846c5a9,https://p.scdn.co/mp3-preview/04e60a24eccf2194fac7df81bf713dd6ab586cd0?cid=18308f0d5b8049c89ee330d9cfa4bc58,2
101,アスノヨゾラ哨戒班,Orangestar,2015-04-22,0.324251762358761,0.75,0.3704974271012006,0.0435529838702649,0.8196517412935322,0.6667471236624023,0.8474558494889112,0.0,https://open.spotify.com/track/75tQZI2X1VwNOPtOrOrdpl,https://i.scdn.co/image/ab67616d00004851eb6f2ccb1d76a19760bf34f9,https://p.scdn.co/mp3-preview/df14a774f27181b80233eddbab4f498ce92cd1d3?cid=18308f0d5b8049c89ee330d9cfa4bc58,7
102,ブリキノダンス,日向電工,2017-02-22,0.4142887338829,0.6617647058823529,0.4408233276157805,0.0078031198451491,0.9738805970149254,0.7732721860165741,0.7421077683923488,0.9598930481283424,https://open.spotify.com/track/3ZXkNy6OVQsdSc3hXs7yi1,https://i.scdn.co/image/ab67616d0000485160dc33585636494b12aa32db,https://p.scdn.co/mp3-preview/34ef0623c903f209dbf82308925e44c07e45d19e?cid=18308f0d5b8049c89ee330d9cfa4bc58,0
103,ヒバナ -Reloaded-,DECO*27,2019-05-22,0.4305569461595227,0.8235294117647058,0.5368782161234991,0.0088339571847555,0.927860696517413,0.667632150615496,0.1613298803559472,0.6711229946524064,https://open.spotify.com/track/3g2jMbl3XTP0k0cYb5rN6p,https://i.scdn.co/image/ab67616d0000485151c4012d13453cb7425e78d9,https://p.scdn.co/mp3-preview/30c65963c888d4fe5a62119200cf34e422bf021b?cid=18308f0d5b8049c89ee330d9cfa4bc58,1
104,ベノム,かいりきベア,2020-02-28,0.4086039448653339,0.6764705882352942,0.5368782161234991,0.0130529512447945,1.0,1.0,0.5808747004864826,0.8195187165775399,https://open.spotify.com/track/0xVM7uV2apNSLsF6pPMMlR,https://i.scdn.co/image/ab67616d00004851ae194e628724f0a3f99feac2,https://p.scdn.co/mp3-preview/91b881e533bf289d75ec5b1fb8f7363d6cc3c041?cid=18308f0d5b8049c89ee330d9cfa4bc58,0
105,回る空うさぎ,Akuya,2021-05-24,0.3459711421864744,0.8088235294117647,0.8456260720411664,0.8788500446235669,0.2213930348258706,0.2847373079089226,0.3212559801857186,0.6751336898395721,https://open.spotify.com/track/52Id9w2ov7p3x8LnDBN77M,https://i.scdn.co/image/ab67616d000048513c3ae673774f66666deb6a73,https://p.scdn.co/mp3-preview/4e97555c015a0d4bbf420717f491623d3a23ac5b?cid=18308f0d5b8049c89ee330d9cfa4bc58,5
106,吉原ラメント,亜沙,2012-10-26,0.5153170391631161,0.5735294117647058,0.3773584905660377,0.0024576437438906,0.917910447761194,0.6877463995494408,0.1290509959580802,0.4732620320855614,https://open.spotify.com/track/5J6bUJlDTEFjelOTKj0AEB,https://i.scdn.co/image/ab67616d000048510ee4c984c3e7628cb61d0029,https://p.scdn.co/mp3-preview/4dc61f6ec4a0dba088130c4772b8760e60133733?cid=18308f0d5b8049c89ee330d9cfa4bc58,6
107,東京テディベア,+α/あるふぁきゅん。,2016-01-27,0.3825458806602217,0.5294117647058824,0.58147512864494,0.0037116520539274,0.980099502487562,0.8745675436479201,0.1776266427862622,0.393048128342246,https://open.spotify.com/track/7MznSgSFaAwxNatcs98Vrl,https://i.scdn.co/image/ab67616d00004851a3fe99dff151c9dc438ca21c,https://p.scdn.co/mp3-preview/57c1091612a5e52fa7fc40253b6025e5b59a2ac5?cid=18308f0d5b8049c89ee330d9cfa4bc58,6
108,脳漿炸裂ガール 2015ver.,れるりり,2015-12-16,0.3786410647205627,0.7794117647058824,0.2607204116638078,0.0429153525261784,0.9651741293532335,0.726285300506879,0.6050052036691921,0.6109625668449199,https://open.spotify.com/track/0ASw64KfzSUtChQDfzC906,https://i.scdn.co/image/ab67616d00004851a34d6ee798d20ff79b23cad3,https://p.scdn.co/mp3-preview/b1beea96404290ef72dc98d2fae0f6346ec30b5f?cid=18308f0d5b8049c89ee330d9cfa4bc58,4
109,六兆年と一夜物語,ヴァリアス・アーティスト,2022-01-19,0.4623480069863944,0.6764705882352942,0.5420240137221268,0.000663774229194,0.939054726368159,0.7156649770697561,0.105283539463175,0.4411764705882353,https://open.spotify.com/track/08ZvFfHEBfTgH4MN9YT1BC,https://i.scdn.co/image/ab67616d000048513f5e42bee63e05a2cfa5bcc3,https://p.scdn.co/mp3-preview/ef2b2addaf6ed7640b86564313d8bc70372d8360?cid=18308f0d5b8049c89ee330d9cfa4bc58,6
110,ドーナツホール,ハチ,2015-11-13,0.4257918098988753,0.7647058823529411,0.5780445969125214,0.0001653590618997,0.9266169154228856,0.8299943680102984,0.3708078192188849,0.9331550802139036,https://open.spotify.com/track/6kwLcF9pDovUbmGOtHo4Ml,https://i.scdn.co/image/ab67616d000048511754285e945b1b37625d6d09,https://p.scdn.co/mp3-preview/55a9574e99e97437ffe80ddc2c38da49cd898472?cid=18308f0d5b8049c89ee330d9cfa4bc58,1
111,デリヘル呼んだら君が来た - Original Ver.,ナナホシ管弦楽団,2014-09-03,0.5900091594447967,0.5294117647058824,0.5317324185248713,0.0142219420422864,0.4166666666666666,0.0024941668678091,0.121499624851756,0.5855614973262033,https://open.spotify.com/track/6yZMJJZQimHEgiG1CbucFx,https://i.scdn.co/image/ab67616d0000485171d50ee0ef398c3ddf16dd43,https://p.scdn.co/mp3-preview/f36aa786f771b86301e78e511d6e16bf29a54c86?cid=18308f0d5b8049c89ee330d9cfa4bc58,2
112,夜明けと蛍,n-buna,2015-07-22,0.8107554873232543,0.7058823529411764,0.9331046312178386,0.6333619771502683,0.3395522388059702,0.4466167833293104,0.0,0.8368983957219251,https://open.spotify.com/track/7zzMTPHYh2ntj2PLQyvrng,https://i.scdn.co/image/ab67616d00004851424682188a4aa630657d2c00,https://p.scdn.co/mp3-preview/f9e23c5bb92550427516885d3499a7a355d278bf?cid=18308f0d5b8049c89ee330d9cfa4bc58,5
113,モザイクロール - Reloaded,DECO*27,2021-10-09,0.260347020584647,0.5441176470588235,0.4545454545454546,0.0012461441901263,0.8619402985074627,0.3977793869176924,0.5491282845640616,0.7807486631016043,https://open.spotify.com/track/6RZ6vRkRLb67cRZwmpASK7,https://i.scdn.co/image/ab67616d000048512f16d9ed1e9cf90e4e09a022,https://p.scdn.co/mp3-preview/ac0f4fa6c1ea6857b3f6994dc933d3769b325dea?cid=18308f0d5b8049c89ee330d9cfa4bc58,2
114,心做し,Sou,2019-07-31,0.6605183429933956,0.6323529411764706,0.4288164665523157,0.0272933845960594,0.7350746268656716,0.6787352160270335,0.7099902380779503,0.4679144385026737,https://open.spotify.com/track/0NaRzb0OTyAqyg9U5xYKla,https://i.scdn.co/image/ab67616d00004851f05f3613c3f7c0d666a9e864,なし,4
115,初音ミクの消失(feat.石川綾子),ヴァリアス,2014-12-10,0.7374539710086887,0.5588235294117647,0.3602058319039451,0.0007094711421869,0.97636815920398,0.7760881808673263,0.3230792813289124,0.2727272727272727,https://open.spotify.com/track/3U7bzF0KyAqPphFren5lxB,https://i.scdn.co/image/ab67616d00004851882796c205dc1314453dd5e7,https://p.scdn.co/mp3-preview/ca6244ecc950dea6c2a756075b289b879e0d473e?cid=18308f0d5b8049c89ee330d9cfa4bc58,6
116,ラヴィット,ピノキオピー,2020-10-17,0.4736767939718245,0.7058823529411764,0.6723842195540308,0.016347379855908,0.7126865671641791,0.5446134041354895,0.5249413074521384,0.3529411764705882,https://open.spotify.com/track/1ur49kBrFRricLdeZISDEu,https://i.scdn.co/image/ab67616d000048516cb1100132a5d0934c54e187,https://p.scdn.co/mp3-preview/e517b2502442431659b24e38490134109601f57d?cid=18308f0d5b8049c89ee330d9cfa4bc58,4
117,いーあるふぁんくらぶ,みきとP,2012-12-12,0.548865823404421,0.6470588235294118,0.3584905660377358,0.1232569018810762,0.9713930348258706,0.6987690079652424,0.5245943961726812,0.4278074866310161,https://open.spotify.com/track/4X0QJAUUAFm6FmbUPBnA5M,https://i.scdn.co/image/ab67616d00004851d815e814cb3f15a8eec577d9,https://p.scdn.co/mp3-preview/1d6d11daf1b92fc5fb2e084d148e629ce7bbbf9a?cid=18308f0d5b8049c89ee330d9cfa4bc58,4
118,白い雪のプリンセスは,ヴァリアス・アーティスト,2010-03-03,0.6365888299272808,0.5588235294117647,0.4391080617495712,0.0021919640171879,0.8507462686567164,0.6131627645023734,0.1614993021435891,0.7152406417112298,https://open.spotify.com/track/0WqE9VjtUmgohp92X7xiq9,https://i.scdn.co/image/ab67616d000048513c757b54f6c5fb5ad09ebaf4,https://p.scdn.co/mp3-preview/6b733a0cacb395fda63ade5051942d913624e4a6?cid=18308f0d5b8049c89ee330d9cfa4bc58,1
119,劣等上等 feat. 鏡音リン・レン,Giga,2018-08-22,0.5368213389105823,0.8529411764705882,0.4785591766723843,0.0023619990422777,0.9651741293532335,0.8404537774559497,0.6451985058611872,0.6510695187165776,https://open.spotify.com/track/367IrkRR4wk5WtSL41rONn,https://i.scdn.co/image/ab67616d00004851019ec20f61b18f2b5dc09cb4,https://p.scdn.co/mp3-preview/aabad38207e9484136b21e62e62f4675b90bab4f?cid=18308f0d5b8049c89ee330d9cfa4bc58,4
120,脱法ロック,Neru,2018-03-28,0.3628660533176103,0.7352941176470588,0.4562607204116639,0.5940413775982681,0.8146766169154227,0.8083514361573738,0.6057716355656672,0.7032085561497325,https://open.spotify.com/track/3RannlvnBgRRNY2gg940x7,https://i.scdn.co/image/ab67616d0000485120cb63ece80e6e61e1b45117,https://p.scdn.co/mp3-preview/107c0390f4abd1f4ee5dcba9cf05a13522852cd9?cid=18308f0d5b8049c89ee330d9cfa4bc58,3
121,砂の惑星 feat.初音ミク,ハチ,2017-08-31,0.5508312103446102,0.8235294117647058,0.4082332761578045,0.0938195881624166,0.9266169154228856,0.7467213774237669,0.1209590886721365,0.8810160427807485,https://open.spotify.com/track/2RBQ84niVRC6bBdhe7lc9F,https://i.scdn.co/image/ab67616d00004851a80eaa582c372c6115711c58,https://p.scdn.co/mp3-preview/8470152d53cf1eddb2b0c5a2904f1b8b6efc3fc5?cid=18308f0d5b8049c89ee330d9cfa4bc58,1
122,シンデレラ,DECO*27,2021-08-06,0.2370627477592735,0.6323529411764706,0.4528301886792453,0.0064853484007036,0.9577114427860696,0.7144581221337194,0.6296843107356941,0.8796791443850267,https://open.spotify.com/track/6LjModNOXH1xFIJZiwOOW1,https://i.scdn.co/image/ab67616d000048513f09cb8065e69c94d6bce3ef,https://p.scdn.co/mp3-preview/0d2fb853fde72e8c36946f220514ddd84188d643?cid=18308f0d5b8049c89ee330d9cfa4bc58,0
123,夜咄ディセイブ,じん,2013-05-29,0.3962924644098092,0.6029411764705882,0.3876500857632933,0.000562815933047,0.9676616915422884,0.687263657575026,0.4027801308581619,0.748663101604278,https://open.spotify.com/track/5OvCfknFg2Ho0zhilhnnel,https://i.scdn.co/image/ab67616d000048512829065868bd94e3279df37d,https://p.scdn.co/mp3-preview/db2c0a5f02f0399cabcaf80e89b797078000e890?cid=18308f0d5b8049c89ee330d9cfa4bc58,1
124,カゲロウデイズ,じん,2012-05-30,0.535475234270415,0.5588235294117647,0.5300171526586619,0.0007742969955023,0.9042288557213932,0.7238715906348057,0.1618704165355665,1.0,https://open.spotify.com/track/4Ab9EruWYtWlphFen1uSxN,https://i.scdn.co/image/ab67616d000048512252e4bd6edc665b3ea4f648,https://p.scdn.co/mp3-preview/eb66a2dab07658224d5c1f6b78e74a96e5dfdaff?cid=18308f0d5b8049c89ee330d9cfa4bc58,1
125,二息歩行,DECO*27,2013-12-18,0.345058905984047,0.5,0.3379073756432246,0.0028295953612744,0.927860696517413,0.7083433904578003,0.8075126461262921,0.2994652406417112,https://open.spotify.com/track/01MsqQ89M1tOEfxgWmEsWL,https://i.scdn.co/image/ab67616d000048515312d6524b9d339528f9c69b,https://p.scdn.co/mp3-preview/39dde6ab639c582e5b6a6f819fefe63234b20a2d?cid=18308f0d5b8049c89ee330d9cfa4bc58,7
126,独りんぼエンヴィー,koyori,2018-06-20,0.4252170269258011,0.5441176470588235,0.6861063464837049,0.0997708140405571,0.7736318407960199,0.6955507281358113,0.4193915337512405,0.5935828877005349,https://open.spotify.com/track/4a511HOlZL0fzlKHSToREu,https://i.scdn.co/image/ab67616d00004851f43789f00f610249c07ebc5b,https://p.scdn.co/mp3-preview/2e4f82f86e13a245c4508b94b700a5b4b9774230?cid=18308f0d5b8049c89ee330d9cfa4bc58,2
127,DAYBREAK FRONTLINE,Orangestar,2020-08-03,0.4682960836884008,0.7352941176470588,0.6295025728987993,0.8427176017919993,0.8047263681592038,0.7357792260037009,0.4522109543287266,0.0414438502673796,https://open.spotify.com/track/75YCl9VcgGUKPmjrH5wWkp,https://i.scdn.co/image/ab67616d0000485184bc7a264457b71836f93694,https://p.scdn.co/mp3-preview/ffcdea76f747a5c5429559f672f42269982c84b9?cid=18308f0d5b8049c89ee330d9cfa4bc58,3
128,テオ (2021),Omoi,2020-10-09,0.4407510003077871,0.6323529411764706,0.2710120068610634,0.0001175367110932,0.97636815920398,0.794432375895084,0.1015804632475737,0.105614973262032,https://open.spotify.com/track/0E3EDDVxdSi061upF0jUIl,https://i.scdn.co/image/ab67616d00004851f9969a9cc85497116567bffc,https://p.scdn.co/mp3-preview/488308480d4c4200651693140655ff9deb2f4a39?cid=18308f0d5b8049c89ee330d9cfa4bc58,6
129,真生活,案山子,2019-12-01,0.5809646712426808,0.6029411764705882,0.8404802744425386,0.5472817456985921,0.7898009950248754,0.5816236221739479,0.387540237674565,0.7179144385026737,https://open.spotify.com/track/06X4tTc2EsUpyza3LSstxf,https://i.scdn.co/image/ab67616d00004851300b7657b9e65df333ddbbb8,https://p.scdn.co/mp3-preview/6caf3f657149d1f8c8e4de57d48f9ac5527ebdbd?cid=18308f0d5b8049c89ee330d9cfa4bc58,3
130,エンヴィキャットウォーク,りぶ,2021-11-24,0.502349193635113,0.5,0.0,0.0070273350431772,0.8905472636815921,0.7946737468822913,0.6444482093730587,0.570855614973262,https://open.spotify.com/track/7dhgKHJn0DMPGHEkKyLxVW,https://i.scdn.co/image/ab67616d00004851d42f150ed9d0db91170817f0,https://p.scdn.co/mp3-preview/f15ca16a78c57ab27fee8b511c4504510cce9505?cid=18308f0d5b8049c89ee330d9cfa4bc58,7
131,アンノウン・マザーグース,ヒトリエ,2017-10-22,0.7182450948762735,0.6764705882352942,0.646655231560892,0.1253823396946978,0.8171641791044775,0.528039263013919,0.2503973344305412,0.6671122994652405,https://open.spotify.com/track/6SAj7hyttV1vKAsFvAo3D1,https://i.scdn.co/image/ab67616d0000485122996a32689a9c9b35098662,https://p.scdn.co/mp3-preview/4053e10be3f4f8cf4b4208da98e73d9a812531bc?cid=18308f0d5b8049c89ee330d9cfa4bc58,2
132,サマータイムレコード,じん,2013-05-29,0.6864280761086823,0.6176470588235294,0.5111492281303602,0.0036797704867231,0.917910447761194,0.7619277496178292,0.1013707029390647,0.4077540106951872,https://open.spotify.com/track/2c2sTMuDt9HGswIZQ8KuJ1,https://i.scdn.co/image/ab67616d000048512829065868bd94e3279df37d,https://p.scdn.co/mp3-preview/e906e421295e129563cb1a6dfa499809754acd2a?cid=18308f0d5b8049c89ee330d9cfa4bc58,6
133,パメラ,バルーン,2021-10-29,0.3930773880378392,0.6617647058823529,0.6174957118353344,0.0085363958908485,0.6069651741293532,0.5763939174511223,0.5492977063517036,0.5521390374331552,https://open.spotify.com/track/0kdCJN0s1FB37IJoHWaZEk,https://i.scdn.co/image/ab67616d00004851095b0e06f1985c8bfbf9a5e2,https://p.scdn.co/mp3-preview/39d481665b15bcf0889ef38a410f7dd03c715407?cid=18308f0d5b8049c89ee330d9cfa4bc58,2
134,林檎売りの泡沫少女,ヴァリアス・アーティスト,2015-02-04,1.0000000000000002,0.6176470588235294,0.5660377358490565,0.0038179239446085,0.9564676616915422,0.675275565210395,0.2629829529410815,0.8008021390374331,https://open.spotify.com/track/4zz8vKNj1Bn4yMz8MLl7Xg,https://i.scdn.co/image/ab67616d00004851ea9b650ba2211b13f0ac23f9,https://p.scdn.co/mp3-preview/bbf736b2158623c90a1bb1218e40075d50d0f37d?cid=18308f0d5b8049c89ee330d9cfa4bc58,1
135,聖槍爆裂ボーイ,EXIT TUNES/PONY CANYON,2018-01-17,0.4296150437391301,0.7352941176470588,0.3173241852487136,0.0408961866032379,0.9601990049751244,0.7078606484833856,0.6045050060104397,0.3288770053475936,https://open.spotify.com/track/1GBqGiUSlEUYvYOeIE1Apo,https://i.scdn.co/image/ab67616d00004851ec97087041ca8ca5e55ba67e,https://p.scdn.co/mp3-preview/82e6c86351d30c15045d77d04e728b90f5075822?cid=18308f0d5b8049c89ee330d9cfa4bc58,7
136,メーベル,バルーン,2017-08-12,0.3918425317150412,0.5588235294117647,0.6500857632933106,0.0586435923469785,0.8569651741293531,0.6669884946496097,0.3226113544868537,0.7219251336898396,https://open.spotify.com/track/5SOtZK08IhXgSVE4JYvnRM,https://i.scdn.co/image/ab67616d00004851fa85ef06207d05002a60d35e,https://p.scdn.co/mp3-preview/1e54b9cc000442984967bbddce91ac0709fcd046?cid=18308f0d5b8049c89ee330d9cfa4bc58,2
137,お気に召すまま,Eve,2017-12-20,0.5798966873959366,0.7205882352941176,0.5694682675814751,0.052692366468838,0.8097014925373134,0.8378791535924048,0.5084186493049675,0.8074866310160427,https://open.spotify.com/track/3B2aRA1azOMuxtfA0JutD7,https://i.scdn.co/image/ab67616d00004851ae668ffa508a4ec36bae23d5,https://p.scdn.co/mp3-preview/6aa00e2273a7902f28a410176381842f07fc90ef?cid=18308f0d5b8049c89ee330d9cfa4bc58,0
138,すきなことだけでいいです,ピノキオピー,2016-11-23,0.6810881568749607,0.5735294117647058,0.5145797598627786,0.0039985861587663,0.9701492537313432,0.7273312414514441,0.4842962138264314,0.5521390374331552,https://open.spotify.com/track/4xA8U5glXvRKG7td2JbFmN,https://i.scdn.co/image/ab67616d0000485120817d71eb724955ddb17c80,https://p.scdn.co/mp3-preview/4807933720e1db47f893f3de13a4a45d0e7fd0c6?cid=18308f0d5b8049c89ee330d9cfa4bc58,4
139,アンヘル(feat.鳴花ミコト),鳴花ヒメ・ミコト,2019-04-09,0.4729981792358724,0.0,0.3825042881646656,0.0461035092466109,0.914179104477612,0.6977230670206773,0.8401061709869223,0.8288770053475936,https://open.spotify.com/track/0kEVYEt53I5L5bWW376DX0,https://i.scdn.co/image/ab67616d00004851036e2da836975d72e7b71e9c,なし,0
140,Henceforth,Orangestar,2020-06-05,0.539513548190917,0.7794117647058824,0.5351629502572899,0.3496160290317802,0.8644278606965174,0.6385871751548796,0.6295148889480521,0.6229946524064172,https://open.spotify.com/track/4gLC5fds3QR3w7f5TmuNjh,https://i.scdn.co/image/ab67616d0000485144fb334be2b9481b752179e0,https://p.scdn.co/mp3-preview/7dd65bb4891e3afbc61546acb8f8bd3d7196d726?cid=18308f0d5b8049c89ee330d9cfa4bc58,3
141,うっせぇわ,Ado,2020-10-23,0.4249203647461499,1.0,0.4288164665523157,0.0051356953890539,0.980099502487562,0.8887279748974173,0.7914337117086591,0.4799465240641711,https://open.spotify.com/track/6EzZn96uOc9JsVGNRpx06n,https://i.scdn.co/image/ab67616d0000485189e3b38cb86ef8cfb0cd8def,なし,4
142,アンチ▼ジョーカー,カフ@,2019-08-17,0.487145256927989,0.25,0.3430531732418524,0.0024576437438906,0.9689054726368158,0.7299863223107248,0.162241530927544,0.5254010695187166,https://open.spotify.com/track/1wswIsihXri35wzXH41aDe,https://i.scdn.co/image/ab67616d000048513c255aca43ceab2dc0abc1bc,https://p.scdn.co/mp3-preview/d0cb9d80a2fb8fbf90d87f994b31f0c606722b16?cid=18308f0d5b8049c89ee330d9cfa4bc58,6
143,ルマ,莉犬,2019-12-11,0.3416064998683562,0.6176470588235294,0.614065180102916,0.0022663543406647,0.8893034825870647,0.7450317805133155,0.5975909835338159,0.839572192513369,https://open.spotify.com/track/2sohKLm03IuyZNYXWWnduB,https://i.scdn.co/image/ab67616d000048510431e2286cd3386587570f49,なし,0
144,チュルリラ・チュルリラ・ダッダッダ!,和田たけあき(くらげP),2018-03-14,0.3935705889115093,0.7205882352941176,0.4596912521440824,0.0017562492653955,0.9203980099502488,0.6496902405664171,0.2401997563553339,0.0681818181818182,https://open.spotify.com/track/0M1JGQcBPw0Wx4HJTYSnAz,https://i.scdn.co/image/ab67616d00004851838599bf66f74d68baa3e183,https://p.scdn.co/mp3-preview/7dc9cf15efab63f1e36f5572879084b80ef68810?cid=18308f0d5b8049c89ee330d9cfa4bc58,6
145,カゲロウデイズ -初音ミク「マジカルミライ 2014」Live-,ヴァリアス・アーティスト,2015-02-25,0.5396396296172687,0.4411764705882353,0.4837049742710121,0.3687449693543748,0.9701492537313432,0.7975701987287793,0.1616445208187107,0.5922459893048129,https://open.spotify.com/track/1NVeZUA3VG5DA7mCytSMI6,https://i.scdn.co/image/ab67616d000048518b03908474894a83c9d0a369,https://p.scdn.co/mp3-preview/f82c21d1950988f53a864fe748b54d40fbc7bde8?cid=18308f0d5b8049c89ee330d9cfa4bc58,1
146,惑星ループ,ナユタン星人,2017-09-27,0.3890613237808112,0.6323529411764706,0.281303602058319,0.0018412667779404,0.9788557213930348,0.753238394078365,0.7257303289202993,0.5802139037433156,https://open.spotify.com/track/169xe0EtpWdUz0eWHUoUJf,https://i.scdn.co/image/ab67616d00004851b6f8e58f439cff4d5d4c44a4,https://p.scdn.co/mp3-preview/e966772364e01d32ec8333ed16357636f7db149e?cid=18308f0d5b8049c89ee330d9cfa4bc58,4
147,ネロイズム(feat. 鳴花ミコト),かいりきベア,2020-09-30,0.3615310735091798,0.0,0.4939965694682675,0.0541801729383731,0.9751243781094524,0.8714297208142248,0.8391138433735913,0.9197860962566844,https://open.spotify.com/track/4MavHYoEwp6gI75S2kO38O,https://i.scdn.co/image/ab67616d0000485193142950a94b6e35e66b573e,なし,0
148,アンチジョーカー,マイキP(ラトゥラトゥ),2020-12-31,0.5550067305232009,0.0,0.7735849056603774,0.0171975549813567,0.7786069651741292,0.7247566175878992,0.4517914337117087,0.8890374331550801,https://open.spotify.com/track/3Y19nuNxcNDW0Em5ZpA7MZ,https://i.scdn.co/image/ab67616d00004851ef2bb5944c4243cd7c83c4b3,なし,2
